name,area
West Lake,5266853.581338093
Hồ Ngãi Lạng,1513163.5636385754
Yen So Park,1402809.2729375975
Hồ Đồng Quan,985887.5987433301
Thong Nhat Park,450295.3914810301
Hồ Cẩm Quý,426160.7027020124
Dong Do Reservoir,403473.25801650394
Hồ Bán Nguyệt,373566.8420123264
Khu đua xe Ô tô địa hình - Otofun,358222.61173658475
Hồ Quan Sơn,340388.8036186817
Hồ Mèo Gù,275238.4502482688
Peace Park,208561.75403028983
Pearl Lake,207743.68053653184
Hồ Yên Thịnh,186287.29052651123
Hồ Cầu Bãi,182100.01865294256
Hanoi Youth Park,179823.41920604074
Hồ Định Công,174138.13947312435
Công viên Thanh Xuân,169474.22943209365
Long Bien Park,157078.28182799337
Co Dung Lake,155330.8436366528
Đập Vống,153625.61817091942
Presidential Palace Historical Site,141474.229021501
Mễ Trì Park,137644.57390368992
Dong Da Lake,132195.1138051488
Phung Khoang Park,129875.36155911148
Hồ Hoa Sơn,129622.58213212217
Astronomy Park,128398.30555332749
Hồ Yên Bình,125456.72419721939
Hồ Văn Sơn,110310.1034188898
Đầm Sản,107217.45137401177
Hồ Hàm Lợn,104424.34249653197
Hồ Đa Lát,103517.40898028582
Công viên Nam An Khánh,99892.07306171754
Hồ Điều Hòa,96677.57242770639
Hanoi Botanical Gardens,95885.48234811689
Cau Giay Park,94158.67711938203
Công viên Nghĩa Đô,91730.94534079033
Viglacera Community Park,88812.31871298718
Hồ Kỳ Viên,88443.77439376367
Công viên Đền Lừ,88301.60027814294
VinUni Lake,87978.55695116914
Indira Gandhi Park,86225.62353234949
Mars,85577.52251996413
Hồ Đền Thượng,84461.73998572744
Mai Dich Cemetery Park,83102.3713774886
Central Park,80345.66851759246
Công viên Khởi nghiệp,78173.92874959402
Hồ San Hô,74753.12950985166
Hồ Tòng Lệnh,72863.79762834556
Hồ Hòa Bình,71725.9018276168
Công viên Ngoại giao Đoàn,71637.34028758484
Công viên Hà Cầu,71577.08667508014
Giang Vo Lake,69813.21589447021
Công viên Âm nhạc Đô Nghĩa,69579.35161169589
Ngoc Thuy Park,69448.35463713942
Văn Quán Lake Park,68255.70184635391
Công viên Linh Đàm,67649.89070587992
Hồ Phùng Khoang,67380.0705935776
Hồ Quảng Bá,62530.424642552665
Mai Dich Park,62002.20172120152
Japanese Garden,57621.81124629907
Công viên Ba Mẫu,55865.11990542636
Phim trường Smiley Ville,53292.16365702824
Công viên KĐT Vĩnh Hoàng,50772.31070786001
Dự án cải tạo hồ Đầu Băng,50623.19841774502
Vnua Eco Education Center,50428.242790981654
Archeological site of Thang Long Imperial Citadel,50011.646063683496
Vườn hoa Thạch Bàn,49047.36843846977
Ao cá,44990.01743365868
Hồ Nghĩa Tân,44434.98235368081
Ao Vua,44350.62389359963
Hồ Thanh Trì,44313.835651928115
Hồ Bát Tràng,43169.87962046785
Xa Dan Lake,42551.66879501918
Công viên Văn Phú,42376.28352673418
Hồ Lâm Du,41546.30402651416
Hồ Tân Xã,41333.580123304215
Hồ Đầm Biền,41206.06001763245
Công viên Bán đảo Linh Đàm,40801.11166319688
Den Lu Lake,40722.91754320508
Thung lũng hoa Hồ Tây,39704.836618703936
Công viên Bắc Linh Đàm,38574.49421790335
Hồ Câu Phúc Thành,37815.207715592725
Đầm Đông,36152.831025446365
Hồ Rùa,33195.78744426147
Hồ Hạ Đình,32702.82437378695
Ao đường trong,32605.653113445765
Vườn thực vật,32161.661483656295
Hồ Cầu Tình,30724.17176630791
Hồ Cống Thôn,30689.82549302733
Hồ Đồng Bồ,29711.510062999914
Hồ Văn Quán,27946.81428626686
Vườn hoa Nguyễn Trãi,27684.08731031355
Đầm Chuối,26247.110115057396
Công viên,25801.383373551216
Salt Sea Lake,25757.472547565656
Hồ câu Yên Mỹ,25192.94244331704
Hồ Bộ Đội,23700.068298300586
Hồ Vĩnh Hoàng,23561.596685724882
Bo De Lake,22133.151044762784
Ao,22000.782487783017
Gò Đống Đa,21848.4109707288
Hồ Mít,21558.751844918916
Công viên Trung Tâm,21309.686253896027
Hồ Sen Chùa Đậu,20168.300668428546
Hồ Sơn,19974.34082918599
Hồ Tư Đình,19196.36203357581
Núi chùa,19128.41660400933
Hồ Kim Liên,19032.096675900837
Hai Au Park,18951.04325738062
Ao đầu làng,18839.70249775725
Lenin Park,17864.433309257198
Hồ Ba Góc,17428.048854620756
Công viên hồ Cần,17344.515585264442
Lang Lake,16566.112270988506
Hồ Đầm Biển,16228.638008071897
Hồ Dương Văn Bé,15975.715786042932
Quảng Trường Sinh Viên,15630.448304886446
Lam Ha Park,15463.896319413992
Hồ Đầu Băng,15244.029197146321
Sông Đình,15197.496673504505
Hồ Sen,14897.182375806218
Trúc Động Lake,14499.903453558813
Vườn hoa Thượng Thanh,14446.530663949576
Giam Garden,14003.943301070367
Hồ Tây Mỗ,13778.913076247927
Công viên Yên Hòa,13554.580751224756
Hồ Văn Chương,13185.867602402797
Vườn hoa Văn Quán,13172.93314824397
Ngoc Lam Flower Garden,13048.296902021415
Kim Quan Flower Garden,12957.34617436915
Vườn hoa Định Công,12698.367772586511
Vườn Trung Văn,12562.343048878993
Vườn hoa Kính Thiên,12493.859279294695
Long Tri Lake,12444.352146792033
Vườn hoa Cự Khối,12432.77022168213
Ly Thai To Park,12419.761625083673
Vườn hoa Gia Quất,12338.448738356825
Hồ Đoan Nữ,12244.426075745716
Landmark72 Garden,11918.344810961971
Văn Lake,11804.63999712253
Vườn hoa Thuỷ lợi,11787.957143885822
Ao trường học,11763.077661803552
Công viên Thể thao,11685.23138744486
Ao sen,11660.798527880515
Hồ câu Hùng Thông,11568.85048087937
Hồ Hàng Không,11498.269471056774
T8 Park,11457.911003385598
Hồ vườn hoa Ngọc Lâm,11424.005335507256
Công viên Trung Yên,11118.480977492001
Pearl Well,11082.604345346084
Hồ Lâm Nghiệp,10957.58806062059
Vườn hoa phường Thượng Thanh,10887.299421733122
Park A - Van Canh Resident Area,10798.465048472772
Hồ 3 góc,10694.207995046503
Bien Ho Park,10335.534567795536
khu vui chơi giải trí công cộng,10323.49213459431
Sân vận động xã Tòng Bạt,10265.562275047096
Culture Village at Yen So Park,10041.295439253185
Hồ Đầm Tròn,10031.498092428414
Vườn hoa 1-6,10005.397663103855
Công viên Bồ Đề Xanh,9860.549680169868
Vườn hoa ô quy hoạch C12/CX3,9685.184989116302
Hồ Hố Mẻ,9642.879147806458
Vườn hoa Phúc Lợi,9435.570841008574
Khu vui chơi trẻ em,9267.232410226094
Hai Bà Trưng Lake,9246.262872354082
Vườn Vải,9034.206796050066
Hồ Phú Diễn,8769.175642022463
Hồ Khoan Tế,8698.574985531215
Công Viên C Khu Chung Cư Vân Canh,8602.914281657406
Vườn hoa Trần Quang Diệu,8602.802772213323
Hồ Cần,8532.133980568673
Hồ Phi Trường,8097.437743185615
Hồ Trung Tâm,7894.267508809553
Công viên - Bãi xe ngầm Mễ Trì Hạ,7890.278848681296
Pasteur Garden,7843.990721498298
Hồ Không Lực,7839.506664802313
Vườn hoa Hoàng Cầu,7649.967037894906
Hồ Bảy Gian,7470.766885515478
Khu cảnh quan,7391.704550544818
Ao Mục Bài,7255.823575361446
Vườn hoa Việt Kiều,7176.964365360239
Hồ Ga,7063.966321253283
Hồ Quạt Rẻ,6962.94529339971
Vườn hoa,6842.985971769288
Van Xuan Garden,6831.349187241039
Vườn hoa Giang Biên,6825.359453880178
Đại Từ,6805.03613117517
Công viên Thành cổ Sơn Tây,6729.746893151716
Pond of Red River,6691.959791904057
Rose Garden,6336.867508961736
Yen So Lake,6315.991611052377
Vườn hoa Hà Đông,6247.726186537476
Vườn hoa Tân Thụy,6208.218160774308
Hang Trong Garden,5993.438453629568
Vườn hoa Bắc Long Biên,5814.72413320896
Sân chơi khu đô thị Tân Tây Đô,5508.94101275418
Hồ Cửa Đình,5403.12745486574
Ngoc Trai Lake-San Ho Park,5370.08664151256
Thủy đình Nhân Chính,5364.839508659129
Ánh Dương Garden,5158.570773130937
Vườn hoa hồ Giảng Võ,5134.207156603996
Hồ Khương Đình,4905.401480204731
Vườn hoa Yên Hòa,4889.083793540728
Tonkin's park,4861.596306878668
Ao Lão,4814.266736781494
Sân chơi GoldSeason,4756.263225740855
Hồ Phe Bắc,4706.008408822056
Hồ Tiền,4676.624688319876
Công viên Bê Tông,4606.154636318883
Ao dài,4543.211148859427
HỒ,4478.027346187786
Dien Hong Park,4473.755811691896
Park B - Van Canh Resident Area,4370.718071961204
Ao Khương Thượng,4331.199524283817
Ao làng,4319.173198109163
Ao làng Ái Mộ,4311.755663750938
Ao Đình Làng Vân Côn,4285.568964402069
Vườn hoa Thanh Xuân Bắc,4212.467493131541
Vườn hoa Trung Hòa - Nhân Chính,4177.453574915799
Ao Sen làng Liễu Viên,4131.945421650817
Ao Ngõ Cống,4113.8658551000835
Ao Phủ,3998.0605091677216
Fish pond,3972.0335890146266
Vườn hoa Công đoàn,3963.215897212793
Hồ trước đình Bằng A,3956.836430682054
Vườn hoa Mai Phúc,3930.2827013666947
Ao đình làng Thượng,3772.0250792487063
12 Zodiac Garden,3739.848140124282
Quảng trường,3687.404800290449
Vườn hoa Sơn Tây,3677.4709875351286
Ao Mẫu Tư,3636.5051194436774
Hồ Tình bạn,3636.235893556408
Vườn hoa Đại học Kinh tế Quốc dân,3613.0639060280487
Ao Mỗ Lao,3559.1350691857847
Vườn hoa Chợ Phúc Đồng,3532.7327179949516
Hồ Tuyệt vọng,3494.0860753356637
August 19 Garden,3476.051678793602
Vườn hoa Phụ nữ tự quản,3472.2848905031215
Co Tan Park,3462.0865665157835
An Duong Tennis Courts,3446.8399411456558
Đài tưởng niệm Liệt sĩ Phường Mai Dịch,3381.3308590969355
Vườn hoa Phúc Đồng,3369.781795561974
Công viên Con Voi,3358.359433076918
Vườn Long Viên,3339.536528025794
Hồ Tình Yêu,3250.7215849831787
Green Garden,3242.988931958244
Hồ Sinh Thái,3227.287383717325
Hồ nước,3158.3585871407463
Ngoc Ha Lake,3157.9566336402195
Bai Say Garden,3075.8412522120643
Phuc Thanh Garden,3052.330310935191
Hồ Hi Vọng,2952.146138531817
Vườn Lam Viên,2939.5027364142143
Công viên Hoàng Văn Thụ,2883.2212322789906
Hồ Nhất Đẳng,2870.799970769942
Công viên nội bộ,2863.69623679855
Hồ Quận uỷ,2839.732761472693
Công viên Gia Thuỵ,2824.7440730699354
Hồ Văn Khê,2805.746254460161
Ao Ông Hiền,2756.259833266953
Vườn hoa Biệt thự Quốc Hội,2753.433041753976
Ao Đình,2732.0063927669125
Ao cầu Vòng,2725.781040889312
Công viên OCT1,2494.853498732583
Ao Phục Viên,2463.5873780776556
Trung Kinh Hạ Playgroung,2436.6339360604375
Ao Sài Đồng,2382.5918596327783
Ao Đình Tây Hồ,2300.259559303533
Music Garden,2291.937208622234
Ao Chùa,2277.195061266255
Công viên Xuân Dục,2254.73924947721
Ao cá nhà Truyền thống,2245.809929466705
Sân Cây Đề,2221.632399804797
Vườn An Viên,2170.110720379339
Ao cá đình Khương Hạ,2167.6142035801327
Hồ Phú Đô,2145.093699585167
The Matrix One Private Park,2105.9922177388644
Bamboo Garden,2054.05730081618
Sân chơi thiếu nhi xã Đa Tốn,2002.0620087430034
Yersin Garden,1997.9763950741185
Ao xóm đông,1857.5257359752568
Ao đình,1819.204409421411
Sân chơi tòa nhà Huy Hoàng,1797.4814576912836
Vườn hoa Nghĩa Tân,1788.5402116154846
Vườn hoa Bác Cổ,1745.2748406068893
Hồ Tâm Linh,1725.9033054477616
Vườn hoa Tao Đàn,1723.6049310201001
Vườn hoa Kim Liên,1723.14857588998
Vườn hoa Đào Duy Anh,1708.084054229155
Ao Tháp,1682.2769882427992
Vườn Bách Thảo,1649.9502941001974
Ao Thị Cấm,1602.7784571757504
Ao Dài,1575.3199423167307
Van Canh War Soldier Memorial,1574.156822398842
Le Truc Green Space,1567.6090823875172
Vườn hoa Đàn Nam,1562.1931677163968
Bi Temple Pond,1545.469349488033
Vườn hoa Nguyễn Đình Thi,1513.93807412955
Vườn hoa Thị trấn Yên Viên,1484.3219105240955
Công viên tổ 9 Mỗ Lao,1470.1212661985255
Hau Ai Village Pond,1430.2808062419717
Ao Biến Thế,1359.1905099421208
Giếng Ngọc,1325.1338843937813
Ao Cầu,1319.890240918802
Bể bơi Dương Nội,1301.7612785727888
Ao Phú Đô,1300.068958677758
Vườn hoa Lạc Long Quân,1239.1751234315936
Tay Son Park,1140.602861034099
Vườn hoa Trạm,1133.511079206287
Vườn hoa Nông dân,1124.4661650905782
Vườn hoa Phùng Hưng,1038.3607032499337
ASEAN Square,1030.4354426899442
Quan Su Park,1002.9511815988847
Ao Nhà Thờ Làng Tám,985.8685161891564
Vườn hoa Tăng Bạt Hổ,903.3899238785931
Giếng Quán,806.8958129780654
Vườn hoa Cửa Nam,799.6167490312823
Giếng cổ,799.2329359522882
1,794.5709434282245
Ao đình Vàng,788.5167681866283
Bao Quyen farm,765.7057197341063
Vườn hoa Vĩnh Hưng,734.1202365818689
Vườn hoa Đặng Thuỳ Trâm,729.5225198524395
Sân betong bóng rổ + đá bóng mini,718.1772730475246
Khu vui chơi,706.2366856319247
Pomelo Park,705.6842936022115
Ao sen nhà Truyền Thống,700.933998466656
Vườn hoa Hoàng Văn Thụ,685.0991955491493
Ao Đình Bằng A,682.8813951881523
Thien Quang Lake,678.469687274731
Vườn đình Lã Côi,650.4402529740221
Bể bơi,618.0188588489617
nhà văn hóa tổ 16,593.3200780059767
Friendship Garden,578.7969518132886
Giếng đình thôn Nghiêm Xá,562.8909884863646
Huong Canh Water Supply Station,546.7964489613629
Pineapple Park,545.6440417746019
Vườn nhà ai đó - Mạnh,472.3474297723383
Giếng làng Trung Lập,468.0219811819527
Vườn hoa Hàng Vôi,427.87886893493135
Sân chơi khu tập thể B8,400.94435619229546
Ao Tròn,347.2457017427362
Hồ Linh Chiểu,276.72616398215547
Giếng nước Thôn Nghĩa,276.3127053366995
Giếng giữa,272.90895868884894
Hồ bán nguyệt,236.70007632250568
Ao Đình Văn Quán,234.3148417356654
Fresh Garden,218.10786906925614
Năm Sấu Garden,208.38304226650683
Giếng làng Trần Phú,198.3604495002292
Đài phun nước Bách Khoa,173.6484893323746
Đài phun nước,150.3135521320896
Bể bơi trẻ em,82.59633890593298
