name,distance
Hồ Dương Văn Bé,770.3
Công viên hồ Cần,1075.8
Hồ Cần,1210.8
Hanoi Youth Park,1897.3
Công viên KĐT Vĩnh Hoàng,2321.2
Công viên Đền Lừ,2523.5
Den Lu Lake,2554.0
Hồ Sơn,2591.9
Hồ Vĩnh Hoàng,2625.8
Vườn hoa Vĩnh Hưng,2644.7
Hồ Thanh Trì,2660.3
Yersin Garden,2809.0
Công viên Hoàng Văn Thụ,2842.2
Pasteur Garden,2852.4
Hai Bà Trưng Lake,2924.8
Yen So Park,3165.6
Vườn hoa Đàn Nam,3339.8
Vườn hoa Tăng Bạt Hổ,3473.8
Hồ Tiền,3556.0
Vườn hoa Đại học Kinh tế Quốc dân,3571.6
Đài phun nước Bách Khoa,3583.2
Thong Nhat Park,3592.9
Vườn hoa Tao Đàn,3732.6
Ao Nhà Thờ Làng Tám,3938.3
August 19 Garden,3942.9
Vườn hoa Bác Cổ,3960.5
Vườn hoa Kim Liên,4018.4
Music Garden,4081.1
Co Tan Park,4115.6
Hồ Rùa,4129.2
Vườn hoa Đào Duy Anh,4210.9
Công viên Ba Mẫu,4227.4
Hồ Không Lực,4239.7
Hồ Kim Liên,4246.0
Công viên,4289.7
Dien Hong Park,4303.8
Hồ Hố Mẻ,4410.4
Ly Thai To Park,4499.0
Công viên nội bộ,4517.0
Vườn hoa Hàng Vôi,4528.2
Tay Son Park,4711.9
Khu vui chơi trẻ em,4746.3
Quan Su Park,4838.2
Hang Trong Garden,4902.2
Vườn hoa Định Công,4941.6
Công viên Con Voi,4948.9
Ao Khương Thượng,5158.0
Vườn hoa Cửa Nam,5194.3
Xa Dan Lake,5217.3
Vườn hoa Thuỷ lợi,5483.7
Lenin Park,5635.7
Vườn hoa Công đoàn,5676.4
Hồ Định Công,5696.3
Hồ Văn Chương,5708.8
Đại Từ,5726.3
Vườn hoa Phùng Hưng,5730.9
Gò Đống Đa,5804.6
Vườn hoa 1-6,5989.3
Vườn hoa Kính Thiên,6084.5
Văn Lake,6176.6
Vườn hoa Trần Quang Diệu,6189.7
Bai Say Garden,6232.3
Thien Quang Lake,6233.0
Van Xuan Garden,6254.3
Archeological site of Thang Long Imperial Citadel,6264.7
Giam Garden,6266.1
Công viên Linh Đàm,6330.7
Le Truc Green Space,6393.1
Ao cá đình Khương Hạ,6450.9
Dong Da Lake,6467.0
Vườn hoa Hoàng Văn Thụ,6517.3
Thủy đình Nhân Chính,6568.9
Sân chơi khu tập thể B8,6603.5
Công viên Bắc Linh Đàm,6616.5
Hồ Linh Chiểu,6649.0
Vườn hoa Hoàng Cầu,6670.2
Hồ Khương Đình,6771.6
Presidential Palace Historical Site,6812.8
Fish pond,6872.6
Ao dài,6887.7
Culture Village at Yen So Park,6909.0
Hồ câu Yên Mỹ,6918.3
Yen So Lake,6935.6
Ao đầu làng,7010.3
Indira Gandhi Park,7056.7
Hồ Đầm Tròn,7121.5
Sân chơi tòa nhà Huy Hoàng,7193.7
Công viên Bán đảo Linh Đàm,7207.8
Hồ Bảy Gian,7229.1
Ngoc Ha Lake,7243.0
Ao,7243.0
Sân chơi GoldSeason,7270.6
Đầm Chuối,7306.6
Vườn hoa hồ Giảng Võ,7337.3
Hanoi Botanical Gardens,7347.7
West Lake,7404.0
Vườn Bách Thảo,7580.7
Hồ trước đình Bằng A,7601.9
Hồ Hạ Đình,7626.9
Ao sen,7653.0
Ao đường trong,7665.2
Ao Đình Bằng A,7693.2
Núi chùa,7694.4
Vườn hoa Bắc Long Biên,7707.7
Hồ Quạt Rẻ,7722.6
Phuc Thanh Garden,7742.3
Vườn hoa Trung Hòa - Nhân Chính,7793.4
Ao cá,7814.0
Giang Vo Lake,7890.8
12 Zodiac Garden,7934.7
Vườn hoa Thanh Xuân Bắc,7951.0
Ao đình,7989.6
An Duong Tennis Courts,8028.3
Bamboo Garden,8084.9
Công viên Thanh Xuân,8093.0
Ao làng,8129.9
Công viên Trung Yên,8190.3
Lang Lake,8258.1
ASEAN Square,8406.7
Công viên Yên Hòa,8425.8
Ao Phủ,8515.6
Vườn hoa Nguyễn Đình Thi,8542.1
Trung Kinh Hạ Playgroung,8642.9
Vườn hoa Yên Hòa,8833.9
Vườn hoa Biệt thự Quốc Hội,8883.8
Phung Khoang Park,8919.9
Hồ Phùng Khoang,9082.3
Ao Chùa,9127.8
Hồ Quận uỷ,9276.1
Vườn Trung Văn,9328.2
Vườn hoa,9542.7
Ao Đình Tây Hồ,9775.2
Vườn hoa Phụ nữ tự quản,9805.9
Vườn hoa Việt Kiều,9842.8
Cau Giay Park,9948.7
Ao Tháp,9992.5
Hồ Văn Quán,10044.8
Công viên Nghĩa Đô,10092.7
Ao Mỗ Lao,10119.6
Landmark72 Garden,10140.4
Ao Cầu,10174.9
Văn Quán Lake Park,10175.4
Sân betong bóng rổ + đá bóng mini,10344.2
Vườn hoa Văn Quán,10403.5
Công viên - Bãi xe ngầm Mễ Trì Hạ,10410.0
Hồ Quảng Bá,10423.9
Ao Đình Văn Quán,10503.8
Ao xóm đông,10524.3
Công viên tổ 9 Mỗ Lao,10565.4
Ao Dài,10621.4
Thung lũng hoa Hồ Tây,10738.5
Ao Tròn,10775.6
Vườn hoa Nghĩa Tân,10860.2
Sân Cây Đề,10885.6
Vườn hoa Nguyễn Trãi,10991.6
Đầm Đông,11093.6
Hồ Nghĩa Tân,11115.2
Vườn hoa Đặng Thuỳ Trâm,11420.3
Đài tưởng niệm Liệt sĩ Phường Mai Dịch,11458.2
Vườn hoa Hà Đông,11492.8
Pond of Red River,11521.4
Mễ Trì Park,11546.9
The Matrix One Private Park,11718.3
Vườn thực vật,11917.2
Đài phun nước,12080.7
Vườn hoa Lạc Long Quân,12135.0
Mai Dich Cemetery Park,12420.3
Ao Phú Đô,12438.7
Mai Dich Park,12450.3
Công viên Ngoại giao Đoàn,12631.5
Hồ Phú Đô,12806.2
Astronomy Park,12940.5
Hồ Văn Khê,13235.8
Peace Park,13313.0
Công viên Văn Phú,13451.5
Hồ Điều Hòa,13480.5
Friendship Garden,13487.6
Japanese Garden,13522.2
Pineapple Park,13778.8
Pomelo Park,13798.1
Công viên OCT1,13833.5
Năm Sấu Garden,13981.8
Fresh Garden,13987.2
Ao Thị Cấm,14478.0
Công viên Hà Cầu,14651.9
Hồ Tây Mỗ,14776.1
Công viên Thể thao,14776.4
Central Park,14956.7
Hồ câu Hùng Thông,15035.3
Quảng trường,15105.0
Bể bơi Dương Nội,15176.4
Bể bơi trẻ em,15520.2
Bể bơi,15536.1
1,15552.9
Tonkin's park,15845.2
Công Viên C Khu Chung Cư Vân Canh,15897.8
Ao cầu Vòng,15995.2
Vườn nhà ai đó - Mạnh,16247.0
Hồ Phú Diễn,16369.8
Park B - Van Canh Resident Area,16431.9
Công viên Âm nhạc Đô Nghĩa,16519.7
Hồ Tâm Linh,16595.6
Van Canh War Soldier Memorial,16629.3
Bi Temple Pond,16736.3
Park A - Van Canh Resident Area,16737.4
Hau Ai Village Pond,17322.6
Công viên Nam An Khánh,18450.0
Ao Đình,20568.5
Giếng Quán,21336.7
Ao Lão,21373.7
Ao Mục Bài,21533.1
Hồ Sen Chùa Đậu,21682.4
Ao Đình Làng Vân Côn,22580.6
Sân chơi khu đô thị Tân Tây Đô,23449.4
Hồ Bán Nguyệt,23718.9
Bao Quyen farm,25471.8
Sông Đình,25540.7
Giếng đình thôn Nghiêm Xá,25592.0
Ao cá nhà Truyền thống,25958.3
Ao sen nhà Truyền Thống,25982.0
Long Tri Lake,26294.3
Ao Sen làng Liễu Viên,26331.6
Hồ 3 góc,27340.4
Pearl Well,29376.8
Ao Phục Viên,29407.7
Hồ nước,29515.1
Ao trường học,30079.0
Phim trường Smiley Ville,30231.1
Giếng làng Trung Lập,30235.4
Trúc Động Lake,32230.2
Hồ Câu Phúc Thành,32710.3
HỒ,34128.9
Hồ Kỳ Viên,34229.4
Giếng giữa,35945.5
Vườn hoa Nông dân,36068.7
Khu vui chơi,36105.4
Công viên Xuân Dục,36152.4
Vườn đình Lã Côi,36161.3
Vườn hoa Thị trấn Yên Viên,36749.5
Hồ Ba Góc,37450.7
Hồ Cống Thôn,37830.8
Hồ Hòa Bình,37882.7
Công viên Khởi nghiệp,37980.3
Giếng làng Trần Phú,38143.7
Hồ Tân Xã,38235.1
Hồ Đồng Quan,38244.7
Ao đình làng Thượng,38539.5
Hồ Lâm Nghiệp,39323.1
Hồ Sinh Thái,39586.0
Hồ Đoan Nữ,40197.2
Vườn hoa phường Thượng Thanh,40566.2
Hồ Văn Sơn,40696.8
Hồ Đa Lát,40871.5
Vườn hoa Giang Biên,41048.2
Long Bien Park,41157.9
Kim Quan Flower Garden,41557.5
Công viên Bê Tông,41584.7
Ánh Dương Garden,41629.8
Vườn hoa Phúc Lợi,42025.5
Hồ Đền Thượng,42206.0
Giếng cổ,42215.1
Mars,42266.8
Vườn hoa ô quy hoạch C12/CX3,42605.1
Hồ Ga,42892.4
Vườn hoa Phúc Đồng,42947.0
Công viên Gia Thuỵ,43065.2
Vườn hoa Mai Phúc,43286.1
Vườn hoa Gia Quất,43287.1
Vườn hoa Tân Thụy,43303.5
Hồ Sen,43473.9
Hồ Ngãi Lạng,43532.5
Hồ Cầu Tình,43557.8
Hồ vườn hoa Ngọc Lâm,43797.9
Vườn hoa Thượng Thanh,43842.8
Ngoc Lam Flower Garden,43854.1
Vườn hoa Chợ Phúc Đồng,43920.9
Ngoc Thuy Park,44009.2
Hồ Hàng Không,44045.0
Hồ Đồng Bồ,44053.7
Công viên Trung Tâm,44057.4
Hồ Trung Tâm,44129.6
Lam Ha Park,44316.2
nhà văn hóa tổ 16,44319.9
Hồ Nhất Đẳng,44346.0
Công viên Bồ Đề Xanh,44438.0
Hồ Hàm Lợn,44573.1
Hồ Phi Trường,44656.0
Ao Sài Đồng,44716.5
Ao làng Ái Mộ,45021.3
Hồ Quan Sơn,45090.2
Bo De Lake,45147.8
Hồ Lâm Du,45229.2
Ao đình Vàng,45282.7
Vườn hoa Thạch Bàn,45426.9
Vườn hoa Sơn Tây,45602.9
Hồ Tư Đình,45628.0
Dong Do Reservoir,45653.2
Hồ Hoa Sơn,45664.6
Co Dung Lake,45740.8
Công viên Thành cổ Sơn Tây,45861.7
Ao Biến Thế,46025.5
Giếng Ngọc,46035.6
Green Garden,46445.1
Hồ Đầu Băng,46721.0
Dự án cải tạo hồ Đầu Băng,46860.9
Hồ Bộ Đội,46911.2
T8 Park,47002.1
Vườn hoa Trạm,47067.5
Hồ Yên Bình,47251.9
Giếng nước Thôn Nghĩa,47385.8
Khu cảnh quan,47557.1
Khu đua xe Ô tô địa hình - Otofun,47598.1
Viglacera Community Park,48071.8
Vườn hoa Cự Khối,48096.4
Vnua Eco Education Center,48249.0
Vườn Vải,48623.7
Hồ Tình bạn,48697.8
Hồ Tình Yêu,48716.1
Hồ Hi Vọng,48781.9
Hồ Tuyệt vọng,48787.8
Hồ Cửa Đình,48832.2
khu vui chơi giải trí công cộng,48846.5
Vườn Long Viên,48883.0
Vườn Lam Viên,48913.5
Quảng Trường Sinh Viên,49016.9
Vườn An Viên,49026.1
Ao Ông Hiền,49552.9
Ao Ngõ Cống,49895.6
Ao Mẫu Tư,49905.6
Bien Ho Park,49920.5
Hồ Đầm Biền,50110.9
Hồ San Hô,50248.5
Pearl Lake,50658.9
Hồ Đầm Biển,50660.9
Hồ bán nguyệt,50803.1
Hồ Bát Tràng,51005.9
Salt Sea Lake,51039.9
Ngoc Trai Lake-San Ho Park,51146.2
Rose Garden,51307.5
VinUni Lake,51352.5
Sân chơi thiếu nhi xã Đa Tốn,51356.7
Hồ Khoan Tế,51523.4
Hai Au Park,51651.4
Hồ Cầu Bãi,53562.0
Hồ Phe Bắc,59422.5
Ao Vua,60759.0
Hồ Cẩm Quý,65813.1
Hồ Mít,67116.3
Hồ Mèo Gù,67386.7
Hồ Tòng Lệnh,67498.1
Sân vận động xã Tòng Bạt,68651.0
Hồ Yên Thịnh,69404.8
Huong Canh Water Supply Station,72637.0
Đập Vống,73137.0
Đầm Sản,74277.6
